index,precision,recall,f1-score,support,source_model
0,0.7299512195121951,0.7839480301760269,0.7559866626250379,19088.0,LogisticRegression
1,0.6408604023338849,0.5706863125242342,0.6037410780211666,12895.0,LogisticRegression
accuracy,0.6979645436638214,0.6979645436638214,0.6979645436638214,0.6979645436638214,LogisticRegression
macro avg,0.68540581092304,0.6773171713501305,0.6798638703231022,31983.0,LogisticRegression
weighted avg,0.6940313218317301,0.6979645436638214,0.6946038400797194,31983.0,LogisticRegression
